INSERT INTO bus_entity (id,no,name) VALUES
                                    (1,'B09','Aselsan Gölbaşı Tesisleri ⇄ İncirli'),
                                   (2,'C15','Aselsan Gölbaşı Tesisleri ⇄ Kolej-Kurtuluş'),
                                    (3,'K07','Aselsan Gölbaşı Tesisleri⇄Yaşamkent');



INSERT INTO stop_entity (id, no, stop_name, geometry) VALUES
                                                          (nextval('stop_sequence'), '5001', 'Tren Garı', 'POINT(32.842686377482664 39.93407216301466)'),
                                                          (nextval('stop_sequence'), '5002', 'Sıhıyye Köprüsü', 'POINT(32.854391525964814 39.92881161185775)'),
                                                          (nextval('stop_sequence'), '5003', 'Sıhhıye Alt dörtyol', 'POINT(32.85821716891152 39.92863437723278)'),
                                                          (nextval('stop_sequence'), '5004', 'Kurtuluş Parkı', 'POINT(32.86657491468003 39.92822935865337)'),
                                                          (nextval('stop_sequence'), '5005', 'Kurtuluş Parkı2', 'POINT(32.86809560048184 39.92802718250931)'),
                                                          (nextval('stop_sequence'), '5000', 'Aselsan Gölbaşı Yerleşkesi', 'POINT(32.81614468751991 39.71891044883071)'),
                                                          (nextval('stop_sequence'), '5007', 'Akköprü', 'POINT(32.83554135495541 39.951128519019846)'),
                                                          (nextval('stop_sequence'), '5008', 'Varlık Toki', 'POINT(32.83839994591128 39.95772714083978)'),
                                                          (nextval('stop_sequence'), '5009', 'Gülhane Ortaokulu', 'POINT(32.85406760912002 39.968203668981545)'),
                                                          (nextval('stop_sequence'), '5010', 'İncirli', 'POINT(32.84731098964818 39.97838753198846)'),
                                                          (nextval('stop_sequence'), '5011', 'Karaelmas Sk.', 'POINT(32.85036803703656 39.98148609258945)'),
                                                          (nextval('stop_sequence'), '5012', 'Karaelmas Sk2', 'POINT(32.850050932925626 39.98384998044645)'),
                                                          (nextval('stop_sequence'), '5013', 'Danışment Taksi', 'POINT(32.85302321097211 39.984623634800585)'),
                                                          (nextval('stop_sequence'), '5014', 'Angora Çarşı', 'POINT(32.63287773321545 39.85650492660085)'),
                                                          (nextval('stop_sequence'), '5015', 'File Market', 'POINT(32.64600277057329 39.85494464982105)'),
                                                          (nextval('stop_sequence'), '5016', 'SuPark ', 'POINT(32.656113826216654 39.85842720960002)'),
                                                          (nextval('stop_sequence'), '5017', 'Anka Gross', 'POINT(32.67780152549142 39.86032593046329)'),
                                                          (nextval('stop_sequence'), '5018', 'Bim', 'POINT(32.6639139736601 39.85991604848368)'),
                                                          (nextval('stop_sequence'), '5019', 'SuPark', 'POINT(32.6526384442987 39.85841169697417)'),
                                                          (nextval('stop_sequence'), '5020', 'File Market', 'POINT(32.644953465326324 39.856440652050026)'),
                                                          (nextval('stop_sequence'), '5021', 'Fitlab', 'POINT(32.63895581518932 39.85116728596529)'),
                                                          (nextval('stop_sequence'), '5022', 'Çevre-yolu Çıkış', 'POINT(32.63556859203578 39.84515884804716)');

INSERT INTO bus_stops2 (bus_id, stop_id)  VALUES                                                     (1,1005),
                                                                                                     (1,1006),
                                                                                                     (1,1007),
                                                                                                     (1,1008),
                                                                                                     (1,1009),
                                                                                                     (1,1010),
                                                                                                     (1,1011),
                                                                                                     (1,1012);

INSERT INTO bus_stops2 (bus_id, stop_id)  VALUES                                                     (2,1005),
                                                                                                     (2,1000),
                                                                                                     (2,1001),
                                                                                                     (2,1002),
                                                                                                     (2,1003),
                                                                                                     (2,1004);

INSERT INTO bus_stops2 (bus_id, stop_id)  VALUES                                                     (3,1005),
                                                                                                     (3,1013),
                                                                                                     (3,1014),
                                                                                                     (3,1015),
                                                                                                     (3,1016);



INSERT INTO route_entity (id, route,bus_id) VALUES
    (
        nextval('route_sequence'),
        ST_GeomFromText('LINESTRING(32.86788736879086 39.92806265477472,32.86732143277308 39.92780432777707,32.86682287008966 39.92813498615985,32.866512952746575 39.92825898264158,32.86371022199128 39.92843464393931,32.85674381910064 39.928744633365056,32.85434351074207 39.9288706804351,32.85114484043385 39.92926998437488,32.84299938929692 39.93394737135284,32.839614749784516 39.93637150103663,32.837222864978116 39.93790936818982,32.83576468307234 39.939313730178895,32.8291035405108 39.94345030128321,32.829104933496495 39.943461750582486,32.827583051207114 39.94236226258292,32.820231026612504 39.932473077251075,32.81667483745272 39.92764738071111,32.8145655277531 39.92320903937207,32.81397283322352 39.917500278493634,32.81477471936287 39.9106274125042,32.81463526087029 39.90662925092144,32.81254604034396 39.887556857903945,32.81035692054465 39.864782926516995,32.810049224667495 39.86035954763736,32.80907301522009 39.85768325644088,32.80942159183826 39.853629872499624,32.81082765850613 39.84987580724774,32.8106066712316 39.84741563545555,32.80799182449667 39.8441499304067,32.79887046107925 39.83742468892075,32.79696384900603 39.83538515622064,32.79729656323585 39.83037742294675,32.79589916347169 39.82700466215428,32.79667625751458 39.821004401222524,32.796900207514966 39.81828612903013,32.80065987830861 39.812766008423864,32.80325346739747 39.808759590899314,32.80571583806869 39.79925047398049,32.806647437911124 39.79308971637093,32.80495060513661 39.785701207353924,32.80466597432169 39.773410714679756,32.80446662864557 39.7596361269365,32.804300270996634 39.74493993797921,32.804466185833974 39.7427363371242,32.80646767867012 39.73767693087379,32.80883726146595 39.73291722346042,32.81162094690549 39.72737937289105,32.81339238171904 39.7232035746122,32.81410555732742 39.71791268758821,32.814911775711124 39.71155559560128,32.815049809699985 39.70999819062064,32.814060566113994 39.70872392403078,32.81422160576693 39.70766201722728,32.816731355340096 39.706295086552586,32.81705343464603 39.705888009879715,32.81663933268092 39.70551632908044,32.8159951740663 39.70608269902263,32.81507494747393 39.713462782304475,32.814489023215316 39.7178785040918,32.8156853177839 39.717966983844576,32.81566231211977 39.71851555577777)')
        ,2);
INSERT INTO route_entity (id, route, bus_id) VALUES (
                                                        nextval('route_sequence'),
                                                        ST_GeomFromText('LINESTRING(32.664342720208936 39.85998738979521,32.660768868225944 39.85884990001614,32.65388266552554 39.85858225261117,32.64830396974611 39.858448428522536,32.644642950640105 39.858716076438185,32.643335443815715 39.858448428522536,32.645950457462845 39.85490199509138,32.64952430944757 39.851823809977844,32.64141776714226 39.850953863078445,32.63775674803631 39.85135537840179,32.63732091242812 39.848946251233315,32.64011026031784 39.846938580674816,32.6376695809133 39.844596224150905,32.63357272620081 39.84620242009302,32.642325934126944 39.84133290668913,32.646114349976415 39.829543489321736,32.6441204468976 39.80703080067602,32.64660694646645 39.8000026549735,32.658370974629094 39.793108836766066,32.66754292878937 39.78115791502822,32.67711366356605 39.77594788923267,32.689874643267586 39.77702057384465,32.70223684235373 39.78330310512516,32.72037658638459 39.78510258115327,32.72934915023771 39.78816694228064,32.744868161924074 39.787413858949236,32.77186188803827 39.78695621034666,32.788254823911416 39.79458027049063,32.79636522587842 39.808426828910484,32.8031238936409 39.810849690024696,32.80492620504387 39.75925892669028,32.80554336475231 39.74203646648843,32.81230203251374 39.72367147350121,32.81472914886908 39.71376640902412,32.81753985404936 39.69184754063886,32.816521704216825 39.684599411346255,32.81349819563047 39.68336328501999,32.813876134203554 39.681763559280085,32.817277581363896 39.68627178232995,32.81436605062612 39.71958162561879)'),
                                                        3);


INSERT INTO bus_stops (bus_id, stop_id)  VALUES                                                      (1,1012),
                                                                                                     (1,1011),
                                                                                                     (1,1010),
                                                                                                     (1,1009),
                                                                                                     (1,1008),
                                                                                                     (1,1007),
                                                                                                     (1,1006),
                                                                                                     (1,1005);

INSERT INTO bus_stops (bus_id, stop_id)  VALUES                                                      (2,1004),
                                                                                                     (2,1003),
                                                                                                     (2,1002),
                                                                                                     (2,1001),
                                                                                                     (2,1000),
                                                                                                     (2,1005);

INSERT INTO bus_stops (bus_id, stop_id)  VALUES                                                      (3,1016),
                                                                                                     (3,1015),
                                                                                                     (3,1014),
                                                                                                     (3,1013),
                                                                                                     (3,1005);




INSERT INTO route_entity (id, route,bus_id) VALUES
    (
        nextval('route_sequence'),
        ST_GeomFromText('LINESTRING(32.86788736879086 39.92806265477472,32.86732143277308 39.92780432777707,32.86682287008966 39.92813498615985,32.866512952746575 39.92825898264158,32.86371022199128 39.92843464393931,32.85674381910064 39.928744633365056,32.85434351074207 39.9288706804351,32.85114484043385 39.92926998437488,32.84299938929692 39.93394737135284,32.839614749784516 39.93637150103663,32.837222864978116 39.93790936818982,32.83576468307234 39.939313730178895,32.8291035405108 39.94345030128321,32.829104933496495 39.943461750582486,32.827583051207114 39.94236226258292,32.820231026612504 39.932473077251075,32.81667483745272 39.92764738071111,32.8145655277531 39.92320903937207,32.81397283322352 39.917500278493634,32.81477471936287 39.9106274125042,32.81463526087029 39.90662925092144,32.81254604034396 39.887556857903945,32.81035692054465 39.864782926516995,32.810049224667495 39.86035954763736,32.80907301522009 39.85768325644088,32.80942159183826 39.853629872499624,32.81082765850613 39.84987580724774,32.8106066712316 39.84741563545555,32.80799182449667 39.8441499304067,32.79887046107925 39.83742468892075,32.79696384900603 39.83538515622064,32.79729656323585 39.83037742294675,32.79589916347169 39.82700466215428,32.79667625751458 39.821004401222524,32.796900207514966 39.81828612903013,32.80065987830861 39.812766008423864,32.80325346739747 39.808759590899314,32.80571583806869 39.79925047398049,32.806647437911124 39.79308971637093,32.80495060513661 39.785701207353924,32.80466597432169 39.773410714679756,32.80446662864557 39.7596361269365,32.804300270996634 39.74493993797921,32.804466185833974 39.7427363371242,32.80646767867012 39.73767693087379,32.80883726146595 39.73291722346042,32.81162094690549 39.72737937289105,32.81339238171904 39.7232035746122,32.81410555732742 39.71791268758821,32.814911775711124 39.71155559560128,32.815049809699985 39.70999819062064,32.814060566113994 39.70872392403078,32.81422160576693 39.70766201722728,32.816731355340096 39.706295086552586,32.81705343464603 39.705888009879715,32.81663933268092 39.70551632908044,32.8159951740663 39.70608269902263,32.81507494747393 39.713462782304475,32.814489023215316 39.7178785040918,32.8156853177839 39.717966983844576,32.81566231211977 39.71851555577777)')
        ,2);

INSERT INTO route_entity (id, route, bus_id) VALUES
    (
        nextval('route_sequence'),
        ST_GeomFromText('LINESTRING(
        32.8161659999509 39.71773140258492,
        32.81452356221354 39.717599285739766,
        32.81418004582346 39.72015900457308,
        32.81359372921358 39.723395877180394,
        32.806082586499855 39.738843813220086,
        32.804399968740995 39.74338085913587,
        32.80451070834698 39.760720775680994,
        32.804134274890316 39.782333366905476,
        32.80660745943328 39.79214767979576,
        32.80673125736655 39.794624215960454,
        32.80296611074914 39.80951266564114,
        32.79701636314738 39.817645388226794,
        32.79596526058185 39.8265770247655,
        32.79755252827238 39.83105599574728,
        32.79696191703886 39.834627624069924,
        32.797535402785854 39.83620612666789,
        32.80554556764662 39.84215829102297,
        32.810284900741465 39.84685679243694,
        32.810875511974984 39.84886893646188,
        32.81076477236894 39.85056929388577,
        32.80921441788047 39.85408323243013,
        32.80899293866699 39.85697359541746,
        32.810390437181496 39.86157870277046,
        32.81031661077748 39.86690536205225,
        32.810981048416494 39.87223160779425,
        32.81209732484754 39.882478490089625,
        32.81491947968274 39.909745130280214,
        32.813869776583545 39.92096027830874,
        32.815309391466 39.925602937685454,
        32.834085513350345 39.949714462490675,
        32.835340562222825 39.94954467447954,
        32.83641104508524 39.949346587934,
        32.83670635070126 39.949940845849795,
        32.83007156261877 39.95504576945183,
        32.832114907846176 39.95509342625729,
        32.83227426330848 39.95497127253563,
        32.83744446279351 39.9565863985581,
        32.84057845357668 39.961160119908584,
        32.8400645663082 39.9621535618752,
        32.8436727042488 39.96353329602829,
        32.85004692279048 39.96441540199157,
        32.85745192082803 39.96567416522632,
        32.85831952279685 39.96604056838126,
        32.85821328582148 39.96646125106264,
        32.855486536777846 39.96715333629385,
        32.85399966112968 39.968213338108484,
        32.853202883811065 39.969706023959645,
        32.84975018210184 39.97331547503339,
        32.84922631628561 39.97526413600886,
        32.846967688414395 39.97818033987707,
        32.84810088282231 39.978723059352916,
        32.84992461757059 39.97944215601922,
        32.84985379292033 39.98075821899937,
        32.85054433326221 39.980893894154036,
        32.84962157619344 39.983139819728905,
        32.849940287120944 39.98381816916225,
        32.85102036304045 39.98465931310591,
        32.85367628743384 39.98463217959207,
        32.85530796765275 39.98464666864396,
        32.85638804357225 39.98449743415614)'),
        1);
INSERT INTO route_entity (id, route, bus_id) VALUES
    (
        nextval('route_sequence'),
        ST_GeomFromText('LINESTRING(
        32.85324284650187 39.9848107767431,
        32.85321610648248 39.984605890441145,
        32.85120169165464 39.9846468677506,
        32.85013209086242 39.9839502501454,
        32.84973990390489 39.983444856456515,
        32.84968642386471 39.98306239388219,
        32.850158832424825 39.981860441919764,
        32.850640153223196 39.980788150514485,
        32.85028800094935 39.98087476377603,
        32.84983342061139 39.98074499504739,
        32.84997473579506 39.97951526313972,
        32.84730964715331 39.97834731247082,
        32.84707371530857 39.97819353503817,
        32.848187882802165 39.976745518439515,
        32.84920703337741 39.97529468033261,
        32.84941204019506 39.97402419843539,
        32.85140861667324 39.97131239684461,
        32.85323724505656 39.96963850086664,
        32.85414338223501 39.96800524267556,
        32.855420067807074 39.967239565190084,
        32.857318609214275 39.96663157773409,
        32.85717599577566 39.96603724769176,
        32.85683798012684 39.96570563408537,
        32.85349547764895 39.96518644247422,
        32.850007914674336 39.96449494278983,
        32.84647045132286 39.964225592270026,
        32.843831126481376 39.96376220419063,
        32.83997660378782 39.96228701088734,
        32.84047192690164 39.961401157472324,
        32.83954319606383 39.959597777556354,
        32.838449357520346 39.95762033263091,
        32.837025303568765 39.95638637802452,
        32.834752516992864 39.95593818850227,
        32.832131432181995 39.95508389359483,
        32.83417466941302 39.95566922621077,
        32.834665953795195 39.954952440421266,
        32.83511999998302 39.954367082920754,
        32.83549149232584 39.953876644337214,
        32.836853630889266 39.952785010489976,
        32.834727869192164 39.95047511911642,
        32.83020253678475 39.94540375650976,
        32.82388702138675 39.9374541140771,
        32.81841733591199 39.93020496161907,
        32.81486137028912 39.924444260022256,
        32.813891223604344 39.92072011867714,
        32.814561909013776 39.9128138816489,
        32.81467184505121 39.90778776202174,
        32.81373942588519 39.89875124809649,
        32.81268685449717 39.888205405272004,
        32.811884514496285 39.88066072763823,
        32.81039166923841 39.8667874008197,
        32.81011236567545 39.86026204315735,
        32.808951341028745 39.85616785717116,
        32.810622665925166 39.85065158247966,
        32.8108434013086 39.84828840540084,
        32.80950190120902 39.84537285402041,
        32.802621593415836 39.84019087792433,
        32.79760746922284 39.83598193306767,
        32.79714035676588 39.83518358686632,
        32.79759440295365 39.831554281637125,
        32.7959385567039 39.82725847761313,
        32.79717903435568 39.81766202080297,
        32.80277783878432 39.80990743675423,
        32.80601280965243 39.79772548245734,
        32.806793455895075 39.79265444952077,
        32.80402572930129 39.78237831746654,
        32.80466443986518 39.755704365504585,
        32.804405971877685 39.74371749133809,
        32.80536999145343 39.73972668788946,
        32.80797473448547 39.73443998066247,
        32.81104890022934 39.7284211319286,
        32.81373819940811 39.722199006849195,
        32.81518256304048 39.710395405064816,
        32.81457840749124 39.709239758557885,
        32.813990580469664 39.70872473594417,
        32.81420285133828 39.70764443211726,
        32.816978701159115 39.70613700316042,
        32.81694604709617 39.70562195948821,
        32.81622759184825 39.70554658661351,
        32.81524788014735 39.71102346780242,
        32.814496985881505 39.717687568627554,
        32.81521053435441 39.71791378915444
    )'),
       1
    );

